-- https://fr.wikipedia.org/wiki/Codes_g%C3%A9ographiques_de_la_France

DROP TABLE fra_regions;
CREATE TABLE fra_regions(
   id         VARCHAR  NOT NULL PRIMARY KEY
  ,nuts       VARCHAR
  ,iso_3166_2 VARCHAR
  ,name       VARCHAR
);
INSERT INTO fra_regions(id,nuts,iso_3166_2,name) VALUES (11,'FR10','FR-J','Île-de-France');
INSERT INTO fra_regions(id,nuts,iso_3166_2,name) VALUES (24,'FR24','FR-F','Centre-Val de Loire');
INSERT INTO fra_regions(id,nuts,iso_3166_2,name) VALUES (27,'FR26','FR-D','Bourgogne-Franche-Comté');
INSERT INTO fra_regions(id,nuts,iso_3166_2,name) VALUES (28,'FR25','FR-P','Normandie');
INSERT INTO fra_regions(id,nuts,iso_3166_2,name) VALUES (32,'FR22','FR-S','Nord-Pas-de-Calais-Picardie');
INSERT INTO fra_regions(id,nuts,iso_3166_2,name) VALUES (44,'FR21','FR-G','Alsace-Champagne-Ardenne-Lorraine');
INSERT INTO fra_regions(id,nuts,iso_3166_2,name) VALUES (52,'FR51','FR-R','Pays de la Loire');
INSERT INTO fra_regions(id,nuts,iso_3166_2,name) VALUES (53,'FR52','FR-E','Bretagne');
INSERT INTO fra_regions(id,nuts,iso_3166_2,name) VALUES (75,'FR61','FR-B','Aquitaine-Limousin-Poitou-Charentes');
INSERT INTO fra_regions(id,nuts,iso_3166_2,name) VALUES (76,'FR62','FR-N','Languedoc-Roussillon-Midi-Pyrénées');
INSERT INTO fra_regions(id,nuts,iso_3166_2,name) VALUES (84,'FR71','FR-V','Auvergne-Rhône-Alpes');
INSERT INTO fra_regions(id,nuts,iso_3166_2,name) VALUES (93,'FR82','FR-U','Provence-Alpes-Côte d’Azur');
INSERT INTO fra_regions(id,nuts,iso_3166_2,name) VALUES (94,'FR83','FR-H','Corse');
INSERT INTO fra_regions(id,nuts,iso_3166_2,name) VALUES (1,'FRA10','FR-GP','Guadeloupe');
INSERT INTO fra_regions(id,nuts,iso_3166_2,name) VALUES (2,'FRA20','FR-MQ','Martinique');
INSERT INTO fra_regions(id,nuts,iso_3166_2,name) VALUES (3,'FRA30','FR-GF','Guyane (française)');
INSERT INTO fra_regions(id,nuts,iso_3166_2,name) VALUES (4,'FRA40','FR-RE','La Réunion');
INSERT INTO fra_regions(id,nuts,iso_3166_2,name) VALUES (6,'FRA50','FR-YT','Mayotte');

DROP TABLE IF EXISTS fra_departements;
CREATE TABLE fra_departements(
   id         VARCHAR NOT NULL PRIMARY KEY
  ,region_id  VARCHAR
  ,nuts       VARCHAR
  ,iso_3166_2 VARCHAR
  ,name       VARCHAR
);
INSERT INTO fra_departements(id,region_id,nuts,iso_3166_2,name) VALUES ('75',11,'FR101','FR-75','Paris');
INSERT INTO fra_departements(id,region_id,nuts,iso_3166_2,name) VALUES ('77',11,'FR102','FR-77','Seine-et-Marne');
INSERT INTO fra_departements(id,region_id,nuts,iso_3166_2,name) VALUES ('78',11,'FR103','FR-78','Yvelines');
INSERT INTO fra_departements(id,region_id,nuts,iso_3166_2,name) VALUES ('91',11,'FR104','FR-91','Essonne');
INSERT INTO fra_departements(id,region_id,nuts,iso_3166_2,name) VALUES ('92',11,'FR105','FR-92','Hauts-de-Seine');
INSERT INTO fra_departements(id,region_id,nuts,iso_3166_2,name) VALUES ('93',11,'FR106','FR-93','Seine-Saint-Denis');
INSERT INTO fra_departements(id,region_id,nuts,iso_3166_2,name) VALUES ('94',11,'FR107','FR-94','Val-de-Marne');
INSERT INTO fra_departements(id,region_id,nuts,iso_3166_2,name) VALUES ('95',11,'FR108','FR-95','Val-d’Oise');
INSERT INTO fra_departements(id,region_id,nuts,iso_3166_2,name) VALUES ('18',24,'FR241','FR-18','Cher');
INSERT INTO fra_departements(id,region_id,nuts,iso_3166_2,name) VALUES ('28',24,'FR242','FR-28','Eure-et-Loir');
INSERT INTO fra_departements(id,region_id,nuts,iso_3166_2,name) VALUES ('36',24,'FR243','FR-36','Indre');
INSERT INTO fra_departements(id,region_id,nuts,iso_3166_2,name) VALUES ('37',24,'FR244','FR-37','Indre-et-Loire');
INSERT INTO fra_departements(id,region_id,nuts,iso_3166_2,name) VALUES ('41',24,'FR245','FR-41','Loir-et-Cher');
INSERT INTO fra_departements(id,region_id,nuts,iso_3166_2,name) VALUES ('45',24,'FR246','FR-45','Loiret');
INSERT INTO fra_departements(id,region_id,nuts,iso_3166_2,name) VALUES ('21',27,'FR261','FR-21','Côte-d’Or');
INSERT INTO fra_departements(id,region_id,nuts,iso_3166_2,name) VALUES ('25',27,'FR431','FR-25','Doubs');
INSERT INTO fra_departements(id,region_id,nuts,iso_3166_2,name) VALUES ('39',27,'FR432','FR-39','Jura');
INSERT INTO fra_departements(id,region_id,nuts,iso_3166_2,name) VALUES ('58',27,'FR262','FR-58','Nièvre');
INSERT INTO fra_departements(id,region_id,nuts,iso_3166_2,name) VALUES ('70',27,'FR433','FR-70','Haute-Saône');
INSERT INTO fra_departements(id,region_id,nuts,iso_3166_2,name) VALUES ('71',27,'FR263','FR-71','Saône-et-Loire');
INSERT INTO fra_departements(id,region_id,nuts,iso_3166_2,name) VALUES ('89',27,'FR264','FR-89','Yonne');
INSERT INTO fra_departements(id,region_id,nuts,iso_3166_2,name) VALUES ('90',27,'FR434','FR-90','Territoire de Belfort');
INSERT INTO fra_departements(id,region_id,nuts,iso_3166_2,name) VALUES ('14',28,'FR251','FR-14','Calvados');
INSERT INTO fra_departements(id,region_id,nuts,iso_3166_2,name) VALUES ('27',28,'FR231','FR-27','Eure');
INSERT INTO fra_departements(id,region_id,nuts,iso_3166_2,name) VALUES ('50',28,'FR252','FR-50','Manche');
INSERT INTO fra_departements(id,region_id,nuts,iso_3166_2,name) VALUES ('61',28,'FR253','FR-61','Orne');
INSERT INTO fra_departements(id,region_id,nuts,iso_3166_2,name) VALUES ('76',28,'FR232','FR-76','Seine-Maritime');
INSERT INTO fra_departements(id,region_id,nuts,iso_3166_2,name) VALUES ('02',32,'FR221','FR-02','Aisne');
INSERT INTO fra_departements(id,region_id,nuts,iso_3166_2,name) VALUES ('59',32,'FR301','FR-59','Nord');
INSERT INTO fra_departements(id,region_id,nuts,iso_3166_2,name) VALUES ('60',32,'FR222','FR-60','Oise');
INSERT INTO fra_departements(id,region_id,nuts,iso_3166_2,name) VALUES ('62',32,'FR302','FR-62','Pas-de-Calais');
INSERT INTO fra_departements(id,region_id,nuts,iso_3166_2,name) VALUES ('80',32,'FR223','FR-80','Somme');
INSERT INTO fra_departements(id,region_id,nuts,iso_3166_2,name) VALUES ('08',44,'FR211','FR-08','Ardennes');
INSERT INTO fra_departements(id,region_id,nuts,iso_3166_2,name) VALUES ('10',44,'FR212','FR-10','Aube');
INSERT INTO fra_departements(id,region_id,nuts,iso_3166_2,name) VALUES ('51',44,'FR213','FR-51','Marne');
INSERT INTO fra_departements(id,region_id,nuts,iso_3166_2,name) VALUES ('52',44,'FR214','FR-52','Haute-Marne');
INSERT INTO fra_departements(id,region_id,nuts,iso_3166_2,name) VALUES ('54',44,'FR411','FR-54','Meurthe-et-Moselle');
INSERT INTO fra_departements(id,region_id,nuts,iso_3166_2,name) VALUES ('55',44,'FR412','FR-55','Meuse');
INSERT INTO fra_departements(id,region_id,nuts,iso_3166_2,name) VALUES ('57',44,'FR413','FR-57','Moselle');
INSERT INTO fra_departements(id,region_id,nuts,iso_3166_2,name) VALUES ('67',44,'FR421','FR-67','Bas-Rhin');
INSERT INTO fra_departements(id,region_id,nuts,iso_3166_2,name) VALUES ('68',44,'FR422','FR-68','Haut-Rhin');
INSERT INTO fra_departements(id,region_id,nuts,iso_3166_2,name) VALUES ('88',44,'FR414','FR-88','Vosges');
INSERT INTO fra_departements(id,region_id,nuts,iso_3166_2,name) VALUES ('44',52,'FR511','FR-44','Loire-Atlantique');
INSERT INTO fra_departements(id,region_id,nuts,iso_3166_2,name) VALUES ('49',52,'FR512','FR-49','Maine-et-Loire');
INSERT INTO fra_departements(id,region_id,nuts,iso_3166_2,name) VALUES ('53',52,'FR513','FR-53','Mayenne');
INSERT INTO fra_departements(id,region_id,nuts,iso_3166_2,name) VALUES ('72',52,'FR514','FR-72','Sarthe');
INSERT INTO fra_departements(id,region_id,nuts,iso_3166_2,name) VALUES ('85',52,'FR515','FR-85','Vendée');
INSERT INTO fra_departements(id,region_id,nuts,iso_3166_2,name) VALUES ('22',53,'FR521','FR-22','Côtes-d’Armor');
INSERT INTO fra_departements(id,region_id,nuts,iso_3166_2,name) VALUES ('29',53,'FR522','FR-29','Finistère');
INSERT INTO fra_departements(id,region_id,nuts,iso_3166_2,name) VALUES ('35',53,'FR523','FR-35','Ille-et-Vilaine');
INSERT INTO fra_departements(id,region_id,nuts,iso_3166_2,name) VALUES ('56',53,'FR524','FR-56','Morbihan');
INSERT INTO fra_departements(id,region_id,nuts,iso_3166_2,name) VALUES ('16',75,'FR531','FR-16','Charente');
INSERT INTO fra_departements(id,region_id,nuts,iso_3166_2,name) VALUES ('17',75,'FR532','FR-17','Charente-Maritime');
INSERT INTO fra_departements(id,region_id,nuts,iso_3166_2,name) VALUES ('19',75,'FR631','FR-19','Corrèze');
INSERT INTO fra_departements(id,region_id,nuts,iso_3166_2,name) VALUES ('23',75,'FR632','FR-23','Creuse');
INSERT INTO fra_departements(id,region_id,nuts,iso_3166_2,name) VALUES ('24',75,'FR611','FR-24','Dordogne');
INSERT INTO fra_departements(id,region_id,nuts,iso_3166_2,name) VALUES ('33',75,'FR612','FR-33','Gironde');
INSERT INTO fra_departements(id,region_id,nuts,iso_3166_2,name) VALUES ('40',75,'FR613','FR-40','Landes');
INSERT INTO fra_departements(id,region_id,nuts,iso_3166_2,name) VALUES ('47',75,'FR614','FR-47','Lot-et-Garonne');
INSERT INTO fra_departements(id,region_id,nuts,iso_3166_2,name) VALUES ('64',75,'FR615','FR-64','Pyrénées-Atlantiques');
INSERT INTO fra_departements(id,region_id,nuts,iso_3166_2,name) VALUES ('79',75,'FR533','FR-79','Deux-Sèvres');
INSERT INTO fra_departements(id,region_id,nuts,iso_3166_2,name) VALUES ('86',75,'FR534','FR-86','Vienne');
INSERT INTO fra_departements(id,region_id,nuts,iso_3166_2,name) VALUES ('87',75,'FR633','FR-87','Haute-Vienne');
INSERT INTO fra_departements(id,region_id,nuts,iso_3166_2,name) VALUES ('09',76,'FR621','FR-09','Ariège');
INSERT INTO fra_departements(id,region_id,nuts,iso_3166_2,name) VALUES ('11',76,'FR811','FR-11','Aude');
INSERT INTO fra_departements(id,region_id,nuts,iso_3166_2,name) VALUES ('12',76,'FR622','FR-12','Aveyron');
INSERT INTO fra_departements(id,region_id,nuts,iso_3166_2,name) VALUES ('30',76,'FR812','FR-30','Gard');
INSERT INTO fra_departements(id,region_id,nuts,iso_3166_2,name) VALUES ('31',76,'FR623','FR-31','Haute-Garonne');
INSERT INTO fra_departements(id,region_id,nuts,iso_3166_2,name) VALUES ('32',76,'FR624','FR-32','Gers');
INSERT INTO fra_departements(id,region_id,nuts,iso_3166_2,name) VALUES ('34',76,'FR813','FR-34','Hérault');
INSERT INTO fra_departements(id,region_id,nuts,iso_3166_2,name) VALUES ('46',76,'FR625','FR-46','Lot');
INSERT INTO fra_departements(id,region_id,nuts,iso_3166_2,name) VALUES ('48',76,'FR814','FR-48','Lozère');
INSERT INTO fra_departements(id,region_id,nuts,iso_3166_2,name) VALUES ('65',76,'FR626','FR-65','Hautes-Pyrénées');
INSERT INTO fra_departements(id,region_id,nuts,iso_3166_2,name) VALUES ('66',76,'FR815','FR-66','Pyrénées-Orientales');
INSERT INTO fra_departements(id,region_id,nuts,iso_3166_2,name) VALUES ('81',76,'FR627','FR-81','Tarn');
INSERT INTO fra_departements(id,region_id,nuts,iso_3166_2,name) VALUES ('82',76,'FR628','FR-82','Tarn-et-Garonne');
INSERT INTO fra_departements(id,region_id,nuts,iso_3166_2,name) VALUES ('01',84,'FR711','FR-01','Ain');
INSERT INTO fra_departements(id,region_id,nuts,iso_3166_2,name) VALUES ('03',84,'FR721','FR-03','Allier');
INSERT INTO fra_departements(id,region_id,nuts,iso_3166_2,name) VALUES ('07',84,'FR712','FR-07','Ardèche');
INSERT INTO fra_departements(id,region_id,nuts,iso_3166_2,name) VALUES ('15',84,'FR722','FR-15','Cantal');
INSERT INTO fra_departements(id,region_id,nuts,iso_3166_2,name) VALUES ('26',84,'FR713','FR-26','Drôme');
INSERT INTO fra_departements(id,region_id,nuts,iso_3166_2,name) VALUES ('38',84,'FR714','FR-38','Isère');
INSERT INTO fra_departements(id,region_id,nuts,iso_3166_2,name) VALUES ('42',84,'FR715','FR-42','Loire');
INSERT INTO fra_departements(id,region_id,nuts,iso_3166_2,name) VALUES ('43',84,'FR723','FR-43','Haute-Loire');
INSERT INTO fra_departements(id,region_id,nuts,iso_3166_2,name) VALUES ('63',84,'FR724','FR-63','Puy-de-Dôme');
INSERT INTO fra_departements(id,region_id,nuts,iso_3166_2,name) VALUES ('69',84,'FR716','FR-69','circonscription départementale du Rhône');
INSERT INTO fra_departements(id,region_id,nuts,iso_3166_2,name) VALUES ('69D',84,NULL,NULL,'Rhône (arrondissement de Villefranche-sur-Saône)');
INSERT INTO fra_departements(id,region_id,nuts,iso_3166_2,name) VALUES ('69M',84,NULL,NULL,'métropole de Lyon (arrondissement de Lyon)');
INSERT INTO fra_departements(id,region_id,nuts,iso_3166_2,name) VALUES ('73',84,'FR717','FR-73','Savoie');
INSERT INTO fra_departements(id,region_id,nuts,iso_3166_2,name) VALUES ('74',84,'FR718','FR-74','Haute-Savoie');
INSERT INTO fra_departements(id,region_id,nuts,iso_3166_2,name) VALUES ('04',93,'FR821','FR-04','Alpes-de-Haute-Provence');
INSERT INTO fra_departements(id,region_id,nuts,iso_3166_2,name) VALUES ('05',93,'FR822','FR-05','Hautes-Alpes');
INSERT INTO fra_departements(id,region_id,nuts,iso_3166_2,name) VALUES ('06',93,'FR823','FR-06','Alpes-Maritimes');
INSERT INTO fra_departements(id,region_id,nuts,iso_3166_2,name) VALUES ('13',93,'FR824','FR-13','Bouches-du-Rhône');
INSERT INTO fra_departements(id,region_id,nuts,iso_3166_2,name) VALUES ('83',93,'FR825','FR-83','Var');
INSERT INTO fra_departements(id,region_id,nuts,iso_3166_2,name) VALUES ('84',93,'FR826','FR-84','Vaucluse');
INSERT INTO fra_departements(id,region_id,nuts,iso_3166_2,name) VALUES ('2A',94,'FR831','FR-2A','Corse-du-Sud');
INSERT INTO fra_departements(id,region_id,nuts,iso_3166_2,name) VALUES ('2B',94,'FR832','FR-2B','Haute-Corse');
INSERT INTO fra_departements(id,region_id,nuts,iso_3166_2,name) VALUES ('971',1,'FRA10','FR-GP','Guadeloupe');
INSERT INTO fra_departements(id,region_id,nuts,iso_3166_2,name) VALUES ('972',2,'FRA20','FR-MQ','Martinique');
INSERT INTO fra_departements(id,region_id,nuts,iso_3166_2,name) VALUES ('973',3,'FRA30','FR-GF','Guyane (française)');
INSERT INTO fra_departements(id,region_id,nuts,iso_3166_2,name) VALUES ('974',4,'FRA40','FR-RE','La Réunion');
INSERT INTO fra_departements(id,region_id,nuts,iso_3166_2,name) VALUES ('976',6,'FRA50','FR-YT','Mayotte');
INSERT INTO fra_departements(id,region_id,nuts,iso_3166_2,name) VALUES ('975',NULL,NULL,'FR-PM','Saint-Pierre-et-Miquelon');
INSERT INTO fra_departements(id,region_id,nuts,iso_3166_2,name) VALUES ('977',NULL,NULL,'FR-BL','Saint-Barthélemy');
INSERT INTO fra_departements(id,region_id,nuts,iso_3166_2,name) VALUES ('978',NULL,NULL,'FR-MF','Saint-Martin');
INSERT INTO fra_departements(id,region_id,nuts,iso_3166_2,name) VALUES ('986',NULL,NULL,'FR-WF','Wallis-et-Futuna');
INSERT INTO fra_departements(id,region_id,nuts,iso_3166_2,name) VALUES ('987',NULL,NULL,'FR-PF','Polynésie française');
INSERT INTO fra_departements(id,region_id,nuts,iso_3166_2,name) VALUES ('984',NULL,NULL,'FR-TF','Terres australes et antarctiques françaises (voir aussi ISO 3166-1:TF)');
INSERT INTO fra_departements(id,region_id,nuts,iso_3166_2,name) VALUES ('98411',NULL,NULL,NULL,'* Îles Saint-Paul et Amsterdam');
INSERT INTO fra_departements(id,region_id,nuts,iso_3166_2,name) VALUES ('98412',NULL,NULL,NULL,'* Îles Kerguelen');
INSERT INTO fra_departements(id,region_id,nuts,iso_3166_2,name) VALUES ('98413',NULL,NULL,NULL,'* Îles Crozet');
INSERT INTO fra_departements(id,region_id,nuts,iso_3166_2,name) VALUES ('98414',NULL,NULL,NULL,'* Terre Adélie (inclus dans ISO 3166-1:AQ et non ISO 3166-1:TF)');
INSERT INTO fra_departements(id,region_id,nuts,iso_3166_2,name) VALUES ('98415',NULL,NULL,NULL,'* Îles Éparses');
INSERT INTO fra_departements(id,region_id,nuts,iso_3166_2,name) VALUES ('988',NULL,NULL,'FR-NC','Nouvelle-Calédonie (voir aussi ISO 3166-1:NC)');
INSERT INTO fra_departements(id,region_id,nuts,iso_3166_2,name) VALUES ('989',NULL,NULL,'FR-CP','Île de Clipperton (voir aussi ISO 3166-1:CP)');

DROP TABLE fra_grand_lyon;
CREATE TABLE fra_grand_lyon(
   insee       VARCHAR
);

INSERT INTO fra_grand_lyon (insee) VALUES(69123);
INSERT INTO fra_grand_lyon (insee) VALUES(69003);
INSERT INTO fra_grand_lyon (insee) VALUES(69029);
INSERT INTO fra_grand_lyon (insee) VALUES(69033);
INSERT INTO fra_grand_lyon (insee) VALUES(69034);
INSERT INTO fra_grand_lyon (insee) VALUES(69040);
INSERT INTO fra_grand_lyon (insee) VALUES(69044);
INSERT INTO fra_grand_lyon (insee) VALUES(69046);
INSERT INTO fra_grand_lyon (insee) VALUES(69271);
INSERT INTO fra_grand_lyon (insee) VALUES(69063);
INSERT INTO fra_grand_lyon (insee) VALUES(69273);
INSERT INTO fra_grand_lyon (insee) VALUES(69068);
INSERT INTO fra_grand_lyon (insee) VALUES(69069);
INSERT INTO fra_grand_lyon (insee) VALUES(69071);
INSERT INTO fra_grand_lyon (insee) VALUES(69072);
INSERT INTO fra_grand_lyon (insee) VALUES(69275);
INSERT INTO fra_grand_lyon (insee) VALUES(69081);
INSERT INTO fra_grand_lyon (insee) VALUES(69276);
INSERT INTO fra_grand_lyon (insee) VALUES(69085);
INSERT INTO fra_grand_lyon (insee) VALUES(69087);
INSERT INTO fra_grand_lyon (insee) VALUES(69088);
INSERT INTO fra_grand_lyon (insee) VALUES(69089);
INSERT INTO fra_grand_lyon (insee) VALUES(69278);
INSERT INTO fra_grand_lyon (insee) VALUES(69091);
INSERT INTO fra_grand_lyon (insee) VALUES(69096);
INSERT INTO fra_grand_lyon (insee) VALUES(69100);
INSERT INTO fra_grand_lyon (insee) VALUES(69279);
INSERT INTO fra_grand_lyon (insee) VALUES(69116);
INSERT INTO fra_grand_lyon (insee) VALUES(69117);
INSERT INTO fra_grand_lyon (insee) VALUES(69127);
INSERT INTO fra_grand_lyon (insee) VALUES(69282);
INSERT INTO fra_grand_lyon (insee) VALUES(69283);
INSERT INTO fra_grand_lyon (insee) VALUES(69284);
INSERT INTO fra_grand_lyon (insee) VALUES(69142);
INSERT INTO fra_grand_lyon (insee) VALUES(69143);
INSERT INTO fra_grand_lyon (insee) VALUES(69149);
INSERT INTO fra_grand_lyon (insee) VALUES(69152);
INSERT INTO fra_grand_lyon (insee) VALUES(69153);
INSERT INTO fra_grand_lyon (insee) VALUES(69163);
INSERT INTO fra_grand_lyon (insee) VALUES(69286);
INSERT INTO fra_grand_lyon (insee) VALUES(69168);
INSERT INTO fra_grand_lyon (insee) VALUES(69191);
INSERT INTO fra_grand_lyon (insee) VALUES(69194);
INSERT INTO fra_grand_lyon (insee) VALUES(69202);
INSERT INTO fra_grand_lyon (insee) VALUES(69199);
INSERT INTO fra_grand_lyon (insee) VALUES(69204);
INSERT INTO fra_grand_lyon (insee) VALUES(69205);
INSERT INTO fra_grand_lyon (insee) VALUES(69207);
INSERT INTO fra_grand_lyon (insee) VALUES(69290);
INSERT INTO fra_grand_lyon (insee) VALUES(69233);
INSERT INTO fra_grand_lyon (insee) VALUES(69292);
INSERT INTO fra_grand_lyon (insee) VALUES(69293);
INSERT INTO fra_grand_lyon (insee) VALUES(69296);
INSERT INTO fra_grand_lyon (insee) VALUES(69244);
INSERT INTO fra_grand_lyon (insee) VALUES(69250);
INSERT INTO fra_grand_lyon (insee) VALUES(69256);
INSERT INTO fra_grand_lyon (insee) VALUES(69259);
INSERT INTO fra_grand_lyon (insee) VALUES(69260);
INSERT INTO fra_grand_lyon (insee) VALUES(69266);
